price,date_of_transfer,postcode,paon,saon,street,locality,town_city,district,county,property_type,old_new,duration,ppd_category_type,transaction_id
130000,1995-10-13,EN6 4DY,33,,CRANFIELD CRESCENT,CUFFLEY,POTTERS BAR,WELWYN HATFIELD,HERTFORDSHIRE,D,N,F,A,{F296F985-2CFE-4B8B-B57E-3DACD46C86D9}
150000,1997-05-09,EN6 4DY,11,,CRANFIELD CRESCENT,CUFFLEY,POTTERS BAR,WELWYN HATFIELD,HERTFORDSHIRE,D,N,F,A,{D450608E-2447-4A5A-B5F9-B2FD0F6662B5}
141500,1997-07-04,EN6 4DY,1,,CRANFIELD CRESCENT,CUFFLEY,POTTERS BAR,WELWYN HATFIELD,HERTFORDSHIRE,S,N,F,A,{D1C34EB7-1113-4471-8D14-A61B3E11620A}
119500,1997-09-26,EN6 4DY,5,,CRANFIELD CRESCENT,CUFFLEY,POTTERS BAR,WELWYN HATFIELD,HERTFORDSHIRE,S,N,F,A,{FD2B184F-AF15-49F1-9DD3-EEA45C9CB955}
173000,1998-07-03,EN6 4DY,33,,CRANFIELD CRESCENT,CUFFLEY,POTTERS BAR,WELWYN HATFIELD,HERTFORDSHIRE,D,N,F,A,{6ADE5C85-9DE5-45C2-AE5A-1C7F57A696D6}
35000,1998-12-08,EN6 4DY,15,,CRANFIELD CRESCENT,CUFFLEY,POTTERS BAR,WELWYN HATFIELD,HERTFORDSHIRE,S,N,F,A,{66936972-55A2-4005-BB56-F9FC800C85B3}
220000,2000-09-08,EN6 4DY,39,,CRANFIELD CRESCENT,CUFFLEY,POTTERS BAR,WELWYN HATFIELD,HERTFORDSHIRE,D,N,F,A,{71E3F43C-9855-4F1D-B892-554911B592B3}
215000,2002-01-31,EN6 4DY,1,,CRANFIELD CRESCENT,CUFFLEY,POTTERS BAR,WELWYN HATFIELD,HERTFORDSHIRE,S,N,F,A,{6BFE89B6-5585-44FE-BA46-5A1989DBD6CF}
235000,2002-08-06,EN6 4DY,15,,CRANFIELD CRESCENT,CUFFLEY,POTTERS BAR,WELWYN HATFIELD,HERTFORDSHIRE,S,N,F,A,{9ED1E9DF-B8AB-44DA-AF5D-32599BDD032E}
280000,2003-01-16,EN6 4DY,7,,CRANFIELD CRESCENT,CUFFLEY,POTTERS BAR,WELWYN HATFIELD,HERTFORDSHIRE,S,N,F,A,{357B6B17-E484-4833-8A77-318BF819DACA}
290000,2003-08-15,EN6 4DY,15,,CRANFIELD CRESCENT,CUFFLEY,POTTERS BAR,WELWYN HATFIELD,HERTFORDSHIRE,S,N,F,A,{5089696E-2611-4702-9D31-1BA548EE9311}
325000,2005-11-11,EN6 4DY,17,,CRANFIELD CRESCENT,CUFFLEY,POTTERS BAR,WELWYN HATFIELD,HERTFORDSHIRE,S,N,F,A,{84E58D44-252B-4D0F-B4C2-529562FFDDF8}
250000,2006-09-20,EN6 4DY,13,,CRANFIELD CRESCENT,CUFFLEY,POTTERS BAR,WELWYN HATFIELD,HERTFORDSHIRE,S,N,F,A,{53C0D73E-3E78-46CB-BC31-EC2E18B40EAD}
370000,2006-12-06,EN6 4DY,5,,CRANFIELD CRESCENT,CUFFLEY,POTTERS BAR,WELWYN HATFIELD,HERTFORDSHIRE,S,N,F,A,{528C2B0E-3F2B-4EC5-989B-AA9B53206053}
450000,2006-12-07,EN6 4DY,27,,CRANFIELD CRESCENT,CUFFLEY,POTTERS BAR,WELWYN HATFIELD,HERTFORDSHIRE,D,N,F,A,{F3A0C64A-E53B-48DA-BE51-DD89C598400A}
445000,2007-12-14,EN6 4DY,11,,CRANFIELD CRESCENT,CUFFLEY,POTTERS BAR,WELWYN HATFIELD,HERTFORDSHIRE,D,N,F,A,{7EEF3EED-1091-414B-9E41-2AB1492115B6}
296000,2009-02-23,EN6 4DY,35,,CRANFIELD CRESCENT,CUFFLEY,POTTERS BAR,WELWYN HATFIELD,HERTFORDSHIRE,D,N,F,A,{38450DA1-BA73-4900-9506-8BB38FF27D30}
460000,2010-11-30,EN6 4DY,39,,CRANFIELD CRESCENT,CUFFLEY,POTTERS BAR,WELWYN HATFIELD,HERTFORDSHIRE,D,N,F,A,{09C60257-9D9B-4F56-B657-84BB688B0D0A}
347000,2011-06-28,EN6 4DY,19,,CRANFIELD CRESCENT,CUFFLEY,POTTERS BAR,WELWYN HATFIELD,HERTFORDSHIRE,S,N,F,A,{665F2FDE-1D59-4A0C-A479-9EC8CDDC998F}
396000,2011-10-20,EN6 4DY,3,,CRANFIELD CRESCENT,CUFFLEY,POTTERS BAR,WELWYN HATFIELD,HERTFORDSHIRE,S,N,F,A,{DF586448-B03C-4312-BE8C-90A002D347D5}
390000,2012-11-09,EN6 4DY,29,,CRANFIELD CRESCENT,CUFFLEY,POTTERS BAR,WELWYN HATFIELD,HERTFORDSHIRE,D,N,F,A,{A35BA1FD-6CF0-415C-965C-A333742C09F7}
439000,2012-11-26,EN6 4DY,11,,CRANFIELD CRESCENT,CUFFLEY,POTTERS BAR,WELWYN HATFIELD,HERTFORDSHIRE,S,N,F,A,{6AD7BE1C-5C20-4218-AD18-F8D28C8DCB8F}
400000,2015-09-18,EN6 4DY,37,,CRANFIELD CRESCENT,CUFFLEY,POTTERS BAR,WELWYN HATFIELD,HERTFORDSHIRE,D,N,F,A,{6FC90F4B-0571-4DF0-B24F-E1DE881D42B3}
525000,2015-11-11,EN6 4DY,9,,CRANFIELD CRESCENT,CUFFLEY,POTTERS BAR,WELWYN HATFIELD,HERTFORDSHIRE,S,N,F,A,{25EA59F9-BF13-4D50-E050-A8C0630562D0}
550000,2017-10-19,EN6 4DY,21,,CRANFIELD CRESCENT,CUFFLEY,POTTERS BAR,WELWYN HATFIELD,HERTFORDSHIRE,D,N,F,A,{5CF9903B-ECED-7F13-E053-6C04A8C074B1}
565000,2018-08-06,EN6 4DY,1,,CRANFIELD CRESCENT,CUFFLEY,POTTERS BAR,WELWYN HATFIELD,HERTFORDSHIRE,S,N,F,A,{773788C2-A239-2CE4-E053-6C04A8C05E57}
630000,2019-06-25,EN6 4DY,29,,CRANFIELD CRESCENT,CUFFLEY,POTTERS BAR,WELWYN HATFIELD,HERTFORDSHIRE,D,N,F,A,{8F1B26BD-AF3E-53DB-E053-6C04A8C03649}
565000,2022-08-18,EN6 4DY,13,,CRANFIELD CRESCENT,CUFFLEY,POTTERS BAR,WELWYN HATFIELD,HERTFORDSHIRE,S,N,F,A,{F16F63C5-AEA3-0491-E053-6C04A8C032ED}
645000,2023-11-07,EN6 4DY,15,,CRANFIELD CRESCENT,CUFFLEY,POTTERS BAR,WELWYN HATFIELD,HERTFORDSHIRE,S,N,F,A,{12A8BAB6-3233-2125-E063-4804A8C08CC1}
680000,2024-05-30,EN6 4DY,9,,CRANFIELD CRESCENT,CUFFLEY,POTTERS BAR,WELWYN HATFIELD,HERTFORDSHIRE,S,N,F,A,{1C3E72FE-25C9-F410-E063-4804A8C0DFA6}
675000,2024-07-26,EN6 4DY,23,,CRANFIELD CRESCENT,CUFFLEY,POTTERS BAR,WELWYN HATFIELD,HERTFORDSHIRE,D,N,F,A,{2859C1AB-E9C5-52B4-E063-4804A8C05948}
647500,2024-09-10,EN6 4DY,19,,CRANFIELD CRESCENT,CUFFLEY,POTTERS BAR,WELWYN HATFIELD,HERTFORDSHIRE,S,N,F,A,{237B17FD-FAA2-22AC-E063-4804A8C0EA3A}
671000,2025-07-18,EN6 4DY,11,,CRANFIELD CRESCENT,CUFFLEY,POTTERS BAR,WELWYN HATFIELD,HERTFORDSHIRE,S,N,F,A,{3B5CE841-C085-EE3A-E063-4804A8C0D6F1}
142250,1995-07-17,EN6 4DZ,81,,CRANFIELD CRESCENT,CUFFLEY,POTTERS BAR,WELWYN HATFIELD,HERTFORDSHIRE,D,N,F,A,{EBC413FB-1C02-4F5E-B05C-7EC44E98A44A}
130000,1996-10-09,EN6 4DZ,43,,CRANFIELD CRESCENT,CUFFLEY,POTTERS BAR,WELWYN HATFIELD,HERTFORDSHIRE,S,N,F,A,{9A10E619-C656-467D-8E51-33177D0B8945}
114000,1996-12-31,EN6 4DZ,75,,CRANFIELD CRESCENT,CUFFLEY,POTTERS BAR,WELWYN HATFIELD,HERTFORDSHIRE,S,N,F,A,{4FAE1410-FE09-4FF3-904B-63795B663CF7}
139995,1997-06-13,EN6 4DZ,65,,CRANFIELD CRESCENT,CUFFLEY,POTTERS BAR,WELWYN HATFIELD,HERTFORDSHIRE,S,N,F,A,{72FAED76-1DB5-4BB0-AE20-CE22EF1B28E8}
130000,1997-09-25,EN6 4DZ,59,,CRANFIELD CRESCENT,CUFFLEY,POTTERS BAR,WELWYN HATFIELD,HERTFORDSHIRE,S,N,F,A,{38F72286-B88D-4774-853F-AB354A2223D8}
174950,1998-03-16,EN6 4DZ,41,,CRANFIELD CRESCENT,CUFFLEY,POTTERS BAR,WELWYN HATFIELD,HERTFORDSHIRE,D,N,F,A,{70D45B1E-7542-4678-8320-DA37155E4BC8}
227500,1998-11-20,EN6 4DZ,83,,CRANFIELD CRESCENT,CUFFLEY,POTTERS BAR,WELWYN HATFIELD,HERTFORDSHIRE,D,N,F,A,{890D2426-5100-4C50-AFC1-7037A25524FC}
190000,1998-12-11,EN6 4DZ,81,,CRANFIELD CRESCENT,CUFFLEY,POTTERS BAR,WELWYN HATFIELD,HERTFORDSHIRE,D,N,F,A,{3D8AD546-75CC-4EFA-9BA7-29C27F8C0C14}
180000,1999-04-09,EN6 4DZ,71,,CRANFIELD CRESCENT,CUFFLEY,POTTERS BAR,WELWYN HATFIELD,HERTFORDSHIRE,S,N,F,A,{F4509F39-D4F7-44B1-B4FB-9DE7CA4069E3}
154500,1999-05-28,EN6 4DZ,59,,CRANFIELD CRESCENT,CUFFLEY,POTTERS BAR,WELWYN HATFIELD,HERTFORDSHIRE,S,N,F,A,{74D3AD2F-AB98-497C-9AB8-95A36BE2F816}
190000,1999-08-16,EN6 4DZ,69,,CRANFIELD CRESCENT,CUFFLEY,POTTERS BAR,WELWYN HATFIELD,HERTFORDSHIRE,S,N,F,A,{3D009F6C-7362-4213-B48C-3CCB3560013F}
235000,2000-07-28,EN6 4DZ,85,,CRANFIELD CRESCENT,CUFFLEY,POTTERS BAR,WELWYN HATFIELD,HERTFORDSHIRE,D,N,F,A,{C2CF68F8-3C96-4AF0-9BBD-074A3160AC89}
218000,2001-02-19,EN6 4DZ,49,,CRANFIELD CRESCENT,CUFFLEY,POTTERS BAR,WELWYN HATFIELD,HERTFORDSHIRE,D,N,F,A,{80E93DEF-50AB-45AD-9E49-B6C869141DAE}
207000,2001-07-18,EN6 4DZ,73,,CRANFIELD CRESCENT,CUFFLEY,POTTERS BAR,WELWYN HATFIELD,HERTFORDSHIRE,S,N,F,A,{32B5202E-C31B-4DC3-A3A1-22C8C1889407}
385000,2001-12-14,EN6 4DZ,85,,CRANFIELD CRESCENT,CUFFLEY,POTTERS BAR,WELWYN HATFIELD,HERTFORDSHIRE,D,N,F,A,{A5707333-CB4E-48D3-8999-87E3DD37A13D}
389950,2002-08-22,EN6 4DZ,83,,CRANFIELD CRESCENT,CUFFLEY,POTTERS BAR,WELWYN HATFIELD,HERTFORDSHIRE,D,N,F,A,{0389F72B-0333-4329-A26C-DBCC094D4EC0}
284000,2002-11-01,EN6 4DZ,43,,CRANFIELD CRESCENT,CUFFLEY,POTTERS BAR,WELWYN HATFIELD,HERTFORDSHIRE,S,N,F,A,{24FC1330-3936-43B1-A4AD-52FBC67BFFB7}
353000,2003-05-29,EN6 4DZ,69,,CRANFIELD CRESCENT,CUFFLEY,POTTERS BAR,WELWYN HATFIELD,HERTFORDSHIRE,S,N,F,A,{53CCD23B-A730-4EFB-8B25-13B39A8B6360}
329000,2003-08-28,EN6 4DZ,61,,CRANFIELD CRESCENT,CUFFLEY,POTTERS BAR,WELWYN HATFIELD,HERTFORDSHIRE,S,N,F,A,{DF66AAAA-A58C-475F-8BD5-B44C1271500C}
365000,2004-10-28,EN6 4DZ,47,,CRANFIELD CRESCENT,CUFFLEY,POTTERS BAR,WELWYN HATFIELD,HERTFORDSHIRE,S,N,F,A,{F8174E3A-1E5B-4595-A5A7-0307142ABAFA}
392500,2007-12-14,EN6 4DZ,61,,CRANFIELD CRESCENT,CUFFLEY,POTTERS BAR,WELWYN HATFIELD,HERTFORDSHIRE,S,N,F,A,{06C7BAA0-126E-4D44-A1A8-A89F88288205}
395000,2008-11-28,EN6 4DZ,87,,CRANFIELD CRESCENT,CUFFLEY,POTTERS BAR,WELWYN HATFIELD,HERTFORDSHIRE,D,N,F,A,{0FDB7398-F841-4AA6-B577-09E8F3F54A75}
365000,2009-11-27,EN6 4DZ,57,,CRANFIELD CRESCENT,CUFFLEY,POTTERS BAR,WELWYN HATFIELD,HERTFORDSHIRE,S,N,F,A,{3469AB8B-A7EF-474E-BF78-6FDDC915B513}
400000,2010-05-14,EN6 4DZ,47,,CRANFIELD CRESCENT,CUFFLEY,POTTERS BAR,WELWYN HATFIELD,HERTFORDSHIRE,S,N,F,A,{846E14EF-F8A8-4D5B-9227-D3AC5D0E9FF0}
352000,2011-04-21,EN6 4DZ,45,,CRANFIELD CRESCENT,CUFFLEY,POTTERS BAR,WELWYN HATFIELD,HERTFORDSHIRE,S,N,F,A,{9D51A026-2C82-4DBB-A4FF-11A277FF08C7}
473000,2014-10-08,EN6 4DZ,63,,CRANFIELD CRESCENT,CUFFLEY,POTTERS BAR,WELWYN HATFIELD,HERTFORDSHIRE,S,N,F,A,{7B3665F4-D341-4BEE-8865-F07F78D7758C}
577500,2017-02-23,EN6 4DZ,47,,CRANFIELD CRESCENT,CUFFLEY,POTTERS BAR,WELWYN HATFIELD,HERTFORDSHIRE,S,N,F,A,{4C4EDFFF-5D41-1854-E050-A8C063054F34}
590000,2022-08-09,EN6 4DZ,41,,CRANFIELD CRESCENT,CUFFLEY,POTTERS BAR,WELWYN HATFIELD,HERTFORDSHIRE,D,N,F,A,{EA3278A9-EBAD-2676-E053-6B04A8C015F8}
664995,2022-08-12,EN6 4DZ,43,,CRANFIELD CRESCENT,CUFFLEY,POTTERS BAR,WELWYN HATFIELD,HERTFORDSHIRE,S,N,F,A,{EA3278A9-EBB5-2676-E053-6B04A8C015F8}
610000,2024-06-14,EN6 4DZ,51,,CRANFIELD CRESCENT,CUFFLEY,POTTERS BAR,WELWYN HATFIELD,HERTFORDSHIRE,S,N,F,A,{1EAE3DF6-859C-9EB1-E063-4704A8C09D02}
587000,2024-07-05,EN6 4DZ,77,,CRANFIELD CRESCENT,CUFFLEY,POTTERS BAR,WELWYN HATFIELD,HERTFORDSHIRE,S,N,F,A,{2859C1AB-E9A4-52B4-E063-4804A8C05948}
119995,1995-07-03,EN6 4EA,10,,CRANFIELD CRESCENT,CUFFLEY,POTTERS BAR,WELWYN HATFIELD,HERTFORDSHIRE,S,N,F,A,{65227412-2ACA-48D7-9747-405E3AFF28A8}
105000,1996-04-18,EN6 4EA,44,,CRANFIELD CRESCENT,CUFFLEY,POTTERS BAR,WELWYN HATFIELD,HERTFORDSHIRE,S,N,F,A,{C088259F-044C-4FFA-BA91-9E5DA0321B73}
115000,1996-09-11,EN6 4EA,6,,CRANFIELD CRESCENT,CUFFLEY,POTTERS BAR,WELWYN HATFIELD,HERTFORDSHIRE,S,N,F,A,{5510438D-7588-4D17-B10C-92007D932C50}
142000,1997-12-12,EN6 4EA,10,,CRANFIELD CRESCENT,CUFFLEY,POTTERS BAR,WELWYN HATFIELD,HERTFORDSHIRE,S,N,F,A,{D2A5BA21-9CAF-4A0B-BB0F-D898D7F6A0F2}
152500,1999-06-16,EN6 4EA,48,,CRANFIELD CRESCENT,CUFFLEY,POTTERS BAR,WELWYN HATFIELD,HERTFORDSHIRE,S,N,F,A,{C73C442F-D0AA-4898-81C1-087C60C5A7B4}
180000,2000-11-23,EN6 4EA,8,,CRANFIELD CRESCENT,CUFFLEY,POTTERS BAR,WELWYN HATFIELD,HERTFORDSHIRE,S,N,F,A,{A31DEAF1-0100-4D25-88EA-4CE84C3EE597}
197000,2001-03-16,EN6 4EA,10,,CRANFIELD CRESCENT,CUFFLEY,POTTERS BAR,WELWYN HATFIELD,HERTFORDSHIRE,S,N,F,A,{05E40EF9-6955-47E2-924E-AB6E894CF735}
209000,2001-09-28,EN6 4EA,38,,CRANFIELD CRESCENT,CUFFLEY,POTTERS BAR,WELWYN HATFIELD,HERTFORDSHIRE,S,N,F,A,{6ECD9C60-2C46-4122-B76C-B86D49E38F68}
267500,2002-10-04,EN6 4EA,24,,CRANFIELD CRESCENT,CUFFLEY,POTTERS BAR,WELWYN HATFIELD,HERTFORDSHIRE,S,N,F,A,{93A3C59F-0F3E-42E5-B872-2D012A84FBFF}
249950,2002-12-06,EN6 4EA,34,,CRANFIELD CRESCENT,CUFFLEY,POTTERS BAR,WELWYN HATFIELD,HERTFORDSHIRE,S,N,F,A,{AA1DE3F8-F10D-432E-B9F3-5E6B14DB2028}
345000,2003-03-14,EN6 4EA,8,,CRANFIELD CRESCENT,CUFFLEY,POTTERS BAR,WELWYN HATFIELD,HERTFORDSHIRE,S,N,F,A,{6585893C-92ED-4238-B696-3D02E486AB96}
315000,2004-05-20,EN6 4EA,44,,CRANFIELD CRESCENT,CUFFLEY,POTTERS BAR,WELWYN HATFIELD,HERTFORDSHIRE,S,N,F,A,{1D457A6B-8AF3-4F2E-9A90-3B6F7DF2ECDC}
335000,2005-11-03,EN6 4EA,14,,CRANFIELD CRESCENT,CUFFLEY,POTTERS BAR,WELWYN HATFIELD,HERTFORDSHIRE,S,N,F,A,{72CA9CA9-CB5D-49DF-874E-B660D711DC19}
305000,2006-05-02,EN6 4EA,34,,CRANFIELD CRESCENT,CUFFLEY,POTTERS BAR,WELWYN HATFIELD,HERTFORDSHIRE,S,N,F,A,{DFE4F260-2AC6-4F85-A5D8-DBC7565CD23B}
310000,2006-08-25,EN6 4EA,30,,CRANFIELD CRESCENT,CUFFLEY,POTTERS BAR,WELWYN HATFIELD,HERTFORDSHIRE,S,N,F,A,{62DA722F-BDB1-4D91-B054-6CB47EB3491A}
305000,2006-12-20,EN6 4EA,50,,CRANFIELD CRESCENT,CUFFLEY,POTTERS BAR,WELWYN HATFIELD,HERTFORDSHIRE,S,N,F,A,{D4166994-EA1C-4F58-91D5-43ECBA7E2DCE}
414000,2007-11-09,EN6 4EA,24,,CRANFIELD CRESCENT,CUFFLEY,POTTERS BAR,WELWYN HATFIELD,HERTFORDSHIRE,S,N,F,A,{A1DB9BCD-3E88-455A-9E16-BA5EAA01EE47}
249500,2008-03-28,EN6 4EA,14,,CRANFIELD CRESCENT,CUFFLEY,POTTERS BAR,WELWYN HATFIELD,HERTFORDSHIRE,S,N,F,A,{EC0A022A-715C-498C-B044-843F4AF182A7}
327500,2010-10-22,EN6 4EA,30,,CRANFIELD CRESCENT,CUFFLEY,POTTERS BAR,WELWYN HATFIELD,HERTFORDSHIRE,S,N,F,A,{67AF4544-E2B3-42AE-9186-7EB46F9A97D1}
305000,2011-12-09,EN6 4EA,32,,CRANFIELD CRESCENT,CUFFLEY,POTTERS BAR,WELWYN HATFIELD,HERTFORDSHIRE,S,N,F,A,{B3B69F2F-665B-414A-AF93-AFE72F8453ED}
515000,2015-11-20,EN6 4EA,56,,CRANFIELD CRESCENT,CUFFLEY,POTTERS BAR,WELWYN HATFIELD,HERTFORDSHIRE,D,N,F,A,{288DCE29-24F1-E510-E050-A8C06205480E}
456000,2016-03-24,EN6 4EA,36,,CRANFIELD CRESCENT,CUFFLEY,POTTERS BAR,WELWYN HATFIELD,HERTFORDSHIRE,S,N,F,A,{31FB4C17-5462-57B9-E050-A8C063053436}
585000,2016-09-12,EN6 4EA,32,,CRANFIELD CRESCENT,CUFFLEY,POTTERS BAR,WELWYN HATFIELD,HERTFORDSHIRE,S,N,F,A,{404A5AF3-7DCA-CD2B-E050-A8C063055C7B}
580000,2017-06-02,EN6 4EA,28,,CRANFIELD CRESCENT,CUFFLEY,POTTERS BAR,WELWYN HATFIELD,HERTFORDSHIRE,S,N,F,A,{5376B385-6F7D-34C1-E053-6B04A8C09FF6}
516000,2017-08-14,EN6 4EA,36,,CRANFIELD CRESCENT,CUFFLEY,POTTERS BAR,WELWYN HATFIELD,HERTFORDSHIRE,S,N,F,A,{582D0636-F946-8F22-E053-6C04A8C01BAC}
560000,2017-09-29,EN6 4EA,30,,CRANFIELD CRESCENT,CUFFLEY,POTTERS BAR,WELWYN HATFIELD,HERTFORDSHIRE,S,N,F,A,{5CF9903B-ECEC-7F13-E053-6C04A8C074B1}
450000,2019-03-08,EN6 4EA,4,,CRANFIELD CRESCENT,CUFFLEY,POTTERS BAR,WELWYN HATFIELD,HERTFORDSHIRE,S,N,F,A,{85866A64-C11A-143F-E053-6B04A8C06A15}
558000,2021-01-26,EN6 4EA,6,,CRANFIELD CRESCENT,CUFFLEY,POTTERS BAR,WELWYN HATFIELD,HERTFORDSHIRE,S,N,F,A,{BEF7EBBE-DE1B-7A76-E053-6B04A8C092F7}
580000,2021-06-30,EN6 4EA,14,,CRANFIELD CRESCENT,CUFFLEY,POTTERS BAR,WELWYN HATFIELD,HERTFORDSHIRE,S,N,F,A,{D22473F5-55AF-7B40-E053-6C04A8C0A630}
600000,2021-11-17,EN6 4EA,54,,CRANFIELD CRESCENT,CUFFLEY,POTTERS BAR,WELWYN HATFIELD,HERTFORDSHIRE,S,N,F,A,{DBA933F9-64C0-669D-E053-6B04A8C0AD56}
600000,2021-12-21,EN6 4EA,40,,CRANFIELD CRESCENT,CUFFLEY,POTTERS BAR,WELWYN HATFIELD,HERTFORDSHIRE,S,N,F,A,{EA3278A9-EBB2-2676-E053-6B04A8C015F8}
757500,2022-11-18,EN6 4EA,2,,CRANFIELD CRESCENT,CUFFLEY,POTTERS BAR,WELWYN HATFIELD,HERTFORDSHIRE,D,N,F,A,{F3B6C198-2824-6E40-E053-6C04A8C0B3B4}
650000,2022-11-18,EN6 4EA,6,,CRANFIELD CRESCENT,CUFFLEY,POTTERS BAR,WELWYN HATFIELD,HERTFORDSHIRE,S,N,F,A,{F3B6C198-2834-6E40-E053-6C04A8C0B3B4}
